Contract,internet_service,n,churn_rate
Month-to-month,Fiber optic,2128,0.5460526315789495
Month-to-month,DSL,1223,0.32215862632870007
One year,Fiber optic,539,0.1929499072356215
Month-to-month,No,524,0.18893129770992348
One year,DSL,570,0.0929824561403509
Two year,Fiber optic,429,0.07226107226107235
One year,No,364,0.024725274725274717
Two year,DSL,628,0.01910828025477705
Two year,No,638,0.007836990595611281
