{
  "0": 0.5482538342475891,
  "1e-05": 0.5482516884803772,
  "0.0001": 0.548260509967804,
  "0.001": 0.5521841645240784,
  "0.01": 0.5921337604522705,
  "0.1": 0.6419329047203064,
  "1": 4.137006759643555,
  "10": 11.010558128356934
}