{
  "0": 0.6451629400253296,
  "1e-05": 0.6451624035835266,
  "0.0001": 0.6451573967933655,
  "0.001": 0.6451075673103333,
  "0.01": 0.6446762084960938,
  "0.1": 0.6620440483093262,
  "1": 0.8546326160430908,
  "10": 1.2547595500946045
}