{
  "logistic_regression_baseline": {
    "roc_auc": 0.8498488723552663,
    "pr_auc": 0.6461347761178393,
    "threshold_results": {
      "thr_0.5": {
        "threshold": 0.5,
        "target_rate": 0.40667139815471964,
        "precision": 0.5130890052356021,
        "recall": 0.786096256684492,
        "f1": 0.6209081309398099,
        "confusion_matrix": [
          [
            756,
            279
          ],
          [
            80,
            294
          ]
        ]
      },
      "top_10_percent": {
        "threshold": 0.8474457242983651,
        "target_rate": 0.10007097232079488,
        "precision": 0.75177304964539,
        "recall": 0.28342245989304815,
        "f1": 0.4116504854368932,
        "confusion_matrix": [
          [
            1000,
            35
          ],
          [
            268,
            106
          ]
        ]
      },
      "best_f1_score_threshold": {
        "threshold": 0.7047703222200211,
        "target_rate": 0.26330731014904185,
        "precision": 0.6199460916442049,
        "recall": 0.6149732620320856,
        "f1": 0.6174496644295302,
        "confusion_matrix": [
          [
            894,
            141
          ],
          [
            144,
            230
          ]
        ]
      },
      "business_ev_example": {
        "threshold": 0.02,
        "target_rate": 0.9105748757984387,
        "precision": 0.2915042868277475,
        "recall": 1.0,
        "f1": 0.45141822570911283,
        "confusion_matrix": [
          [
            126,
            909
          ],
          [
            0,
            374
          ]
        ],
        "assumptions": {
          "contact_cost": 1.0,
          "value_saved": 50.0
        }
      }
    }
  },
  "logistic_regression_tuned": {
    "roc_auc": 0.8494458653026429,
    "pr_auc": 0.6453026986126837,
    "brier_score": 0.13544794853627762,
    "threshold_results": {
      "thr_0.5": {
        "threshold": 0.5,
        "target_rate": 0.23633782824698368,
        "precision": 0.6426426426426426,
        "recall": 0.5721925133689839,
        "f1": 0.6053748231966054,
        "confusion_matrix": [
          [
            916,
            119
          ],
          [
            160,
            214
          ]
        ]
      },
      "top_05_percent": {
        "threshold": 0.7390296260072782,
        "target_rate": 0.050390347764371894,
        "precision": 0.8028169014084507,
        "recall": 0.15240641711229946,
        "f1": 0.25617977528089886,
        "confusion_matrix": [
          [
            1021,
            14
          ],
          [
            317,
            57
          ]
        ]
      },
      "top_20_percent": {
        "threshold": 0.5518762401007838,
        "target_rate": 0.20014194464158977,
        "precision": 0.6808510638297872,
        "recall": 0.5133689839572193,
        "f1": 0.5853658536585366,
        "confusion_matrix": [
          [
            945,
            90
          ],
          [
            182,
            192
          ]
        ]
      },
      "top_30_percent": {
        "threshold": 0.4069062560546617,
        "target_rate": 0.30021291696238467,
        "precision": 0.5886524822695035,
        "recall": 0.6657754010695187,
        "f1": 0.6248431618569636,
        "confusion_matrix": [
          [
            861,
            174
          ],
          [
            125,
            249
          ]
        ]
      },
      "top_10_percent": {
        "threshold": 0.6727085328990379,
        "target_rate": 0.10007097232079488,
        "precision": 0.75177304964539,
        "recall": 0.28342245989304815,
        "f1": 0.4116504854368932,
        "confusion_matrix": [
          [
            1000,
            35
          ],
          [
            268,
            106
          ]
        ]
      },
      "best_f1_score_threshold": {
        "threshold": 0.4606797106237089,
        "target_rate": 0.26330731014904185,
        "precision": 0.6199460916442049,
        "recall": 0.6149732620320856,
        "f1": 0.6174496644295302,
        "confusion_matrix": [
          [
            894,
            141
          ],
          [
            144,
            230
          ]
        ]
      }
    }
  },
  "xgboost_tuned": {
    "roc_auc": 0.854757291585936,
    "pr_auc": 0.677329191932461,
    "brier_score": 0.1326242834329605,
    "threshold_results": {
      "thr_0.5": {
        "threshold": 0.5,
        "target_rate": 0.22711142654364797,
        "precision": 0.63125,
        "recall": 0.5401069518716578,
        "f1": 0.5821325648414986,
        "confusion_matrix": [
          [
            917,
            118
          ],
          [
            172,
            202
          ]
        ]
      },
      "top_05_percent": {
        "threshold": 0.7540629506111145,
        "target_rate": 0.050390347764371894,
        "precision": 0.8591549295774648,
        "recall": 0.16310160427807488,
        "f1": 0.27415730337078653,
        "confusion_matrix": [
          [
            1025,
            10
          ],
          [
            313,
            61
          ]
        ]
      },
      "top_10_percent": {
        "threshold": 0.6841439604759216,
        "target_rate": 0.10007097232079488,
        "precision": 0.7730496453900709,
        "recall": 0.2914438502673797,
        "f1": 0.42330097087378643,
        "confusion_matrix": [
          [
            1003,
            32
          ],
          [
            265,
            109
          ]
        ]
      },
      "top_20_percent": {
        "threshold": 0.5362697243690491,
        "target_rate": 0.20014194464158977,
        "precision": 0.6524822695035462,
        "recall": 0.4919786096256685,
        "f1": 0.5609756097560976,
        "confusion_matrix": [
          [
            937,
            98
          ],
          [
            190,
            184
          ]
        ]
      },
      "top_30_percent": {
        "threshold": 0.39896759390830994,
        "target_rate": 0.30021291696238467,
        "precision": 0.5957446808510638,
        "recall": 0.6737967914438503,
        "f1": 0.6323713927227101,
        "confusion_matrix": [
          [
            864,
            171
          ],
          [
            122,
            252
          ]
        ]
      },
      "best_f1_score_threshold": {
        "threshold": 0.3614899814128876,
        "target_rate": 0.3243435060326473,
        "precision": 0.5798687089715536,
        "recall": 0.7085561497326203,
        "f1": 0.6377858002406739,
        "confusion_matrix": [
          [
            843,
            192
          ],
          [
            109,
            265
          ]
        ]
      }
    }
  }
}